Liane Bushel,Azua,3017863
Gwenneth Kerley,Kadupinang,86298190
Giordano Capnor,Danilov,73266555
Scarlett Giron,Wonotirto,22538045
Boy Hinners,Estelí,25765110
Brittni Trembley,Tim,5986022
Leigha Spragge,Okcheon,53293631
Sherwin Spottswood,Paris 13,2293077
Mirabelle Dannehl,Lauro de Freitas,54153183
Merle Bagger,Puerto Nariño,38434024
Mohandis Verrell,Huancabamba,41039443
Brian Perse,Dongxin,54753410
Odille Kristof,El Carmen de Bolívar,19540964
Riki Fullagar,Piedrancha,528138
Suzanna Pendrill,Phetchaburi,59229659
Hirsch Hawk,Jimaguayú,6096234
Dori Enderle,Neuville,7877480
Russell Tebbit,København,89339
Leslie Ingold,Veliki Preslav,43446035
Clarissa Ishchenko,Baranovichi,43262098
Dorthy Kearle,Gumalang,47885527
Raphaela Bradick,Chedao,67509425
Noami Pickover,Daba,73696968
Chris Charlet,Batiano,38603184
Benny Cronk,Baños,45273620
Ingaberg Janoch,Vaiusu,54977911
Wandis Gillie,Dongcun,42015784
Prescott Beamand,Néos Oropós,63801340
Drusie Stefanovic,Severobaykal’sk,47355123
Cherilynn Normanvell,Ralevka,37542260
Aldus Daal,Ras al-Khaimah,15035984
Johanna Dron,Armenia,35056766
Sax Chidler,Cikijing,66748142
Claudette MacGille,Nong Khai,90474033
Charlotta Tordoff,Fosses,57696975
Marthe Wanka,Chumphon,63130193
Ree Lytton,Heze,41294025
Binny Torrese,Shevchenkove,46981185
Reese Dearlove,Latowicz,34359014
Giulia Dand,Łobez,73793124
Feodora Tuppeny,Khawr Fakkān,8470099
Lenka McCaughey,Paghmān,59170633
Helene Wreford,Nozdrzec,44406948
Tobias Armall,Bayt Wazan,98819596
Nicola Heyworth,Chalaco,10361400
Douglass Newson,Rumenka,3596491
Harrison Neeve,Van Nuys,82916051
Neilla Randleson,Glinojeck,64674886
Ginelle Bengal,Chishui,99232170
Burty Brinklow,Bronnitsy,85641848
Godfrey Moorcraft,Stockholm,95496597
Alikee Domeny,Wangqu,42100034
Gerrie Mazzilli,Balucuc,9688834
Normy Dioniso,Valado dos Frades,53979693
Ilka Moggle,Mengeš,67658960
Lanni Balchin,Buenaventura,49659408
Sheila-kathryn Crame,Hubei,66517030
Demetre Iliff,Takanosu,84271696
Raul Rowlstone,Chaykovskaya,63507146
Shayla Forsaith,Longquan,15735092
Ulrick Gagie,Mirotice,2838613
Beulah Spofford,Pakapasan Girang,69130692
Fidelia Moy,Cilegong,27399610
Torry Stone Fewings,Ongi,42654237
Ashlen Riquet,Zainsk,87731804
Rivy Masterton,Hekou,89690220
Francklyn Iacoboni,Agualote,5375201
Raimund Petrenko,Qiujia,28347684
Franny Knolles-Green,Galán,54413284
Waylan Grinikhinov,Ostroměř,16631593
Sheri Baulk,Potosí,91247693
Ariadne Dowderswell,Medvedovskaya,25404888
Shandeigh Goodanew,Khānaqāh,42175776
Gil Tedahl,Baishigou,11753549
Judie Cleall,Jindaoxia,48616144
Dacie O'Fogerty,Malangabang,71414068
Sergeant Lethley,Yelizavetinskoye,47725557
Kalina Hassin,Butterworth,68699629
Daffy Crossgrove,Kazan,61587609
Zeke Lowless,Psebay,86663719
Michael McGairl,Shixiang,23133711
Kimberley Jirasek,Bergen,47455510
Berty Bartleet,Campinho,52030483
Clare Clemenzi,Monte Carmelo,47796384
Gusella Faragher,Baldone,56835583
Ryann Hillum,Wenchang,96284845
Lance Ech,Parang,17811159
Rurik Kyllford,Rubizhne,39554149
Omero Baker,Zagreb - Centar,21234725
Melva Ivanisov,Hayama,3937203
Walker Rene,Pasirgaru,79755532
Ronda Boucher,Taiyu,34461039
Bogart O'Crevy,Houmt Souk,20959520
Gates McLemon,Imsil,31672695
Robb Coulter,Lin’an,79144401
Costa Bourgourd,Jinhai,50594924
Bernadine Royal,Christchurch,25489670
Berti Heart,Morondava,17709845
Tanny Cordie,Langtang,24413177
Gottfried Favell,Aserrío de Gariché,98253910
Blaire Oxton,Korczew,50714084
Donnajean Cristoforo,Kopong,9617115
Eadith Illiston,Carvalhal,2443722
Correna Kreber,Zhenwen,82998006
Boot Rizzone,Jelisavac,88047020
Vonni Mullin,Pereslavl’-Zalesskiy,7422441
Rosalia Schieferstein,Sukadana,10563227
Patton Franchioni,Vichuga,37588769
Mireille Moulson,Guadalupe,95043822
Craggie Di Meo,Póvoa,37568051
Melania Korneichuk,Santo Rosario,54247363
Doreen Daniely,Chambéry,66936618
Corey Feaveer,Lolayan,35996279
Yehudi Husselbee,Jiujiang,11221114
Wenona Regorz,Stuttgart,75383657
Roxine Buttwell,Lobatse,16295392
Leigha Redgrave,Long Beluah,64257096
Napoleon Espinha,Luniao,89075624
Cherida Vannah,Fushëkuqe,27427105
Rubetta Louca,Shimonoseki,6083617
Greta Bahl,Nkayi,46943845
Querida Mosconi,Balauring,38355042
Sindee Molyneaux,Jomboy,70485198
Rora Etches,Ban Chang,58688961
Roxanne McCarrell,‘Irbīn,67429955
Kristopher Reynoollds,Oslo,13984189
Zandra Sancho,Yambol,2904526
Helaine Convery,Glamoč,34677648
Jeanna Karpol,Chuncheng,29099052
Corissa Deviney,Cícero Dantas,789235
Denney Steen,Inayauan,81765910
Broddy Worts,Peabiru,9867332
Bald Fancutt,Xinning,16224614
Vicky Clemitt,Cabrela,40892075
Alyda Bakey,Skrzyszów,60068021
Bentlee Clipsham,Yläne,39316803
Bobby Seydlitz,Ryūō,12993343
Kenton Flemmich,Tash-Kumyr,34679719
Mendel Eskriet,Qom,41715088
Ignacius Cordero,Al Hadā,15339520
Ambros Belchamp,Al Maḩwīt,24447551
Pierette Roskelley,Seixezelo,90923207
Stanwood Maher,Giade,66473207
Lynnelle Mollett,Thị Trấn Quan Hóa,15577479
Rriocard Abrahamsohn,Cuamba,36753475
Taber Ramsbottom,Madrid,87019355
Garrik Caneo,Jiguaní,50743488
Jehu Swenson,Cikeusal,67454578
Ebeneser Simonou,Lũng Hồ,3846374
Chev Hauxley,Wongaya Kaja,41596133
Peyter Possell,Kitchener,75454882
Oralie Heugh,Ban Phue,60037235
Clareta Trunks,Gračec,90756059
Krysta Esel,Qingshandi,79461435
Desmund Parham,Azacualpa,7095011
Yancey Tremain,Congonhas,71557143
Kennett Priddle,Xiangyun,64050226
Anjanette Nilles,Xia’ertai,81374835
Marlee Ribchester,Nizhnyaya Tavda,83878211
Bettina Oldland,Sabanitas,41498733
Mira Grimsdike,Slantsy,11022175
Lynett Ibel,San Juan de Dios,24287286
Britney Bowlas,Boca Raton,25918472
Zolly Cheesley,Thị Trấn Văn Quan,76035557
Mitchel Thurston,Marogong,84295545
Scotty Vurley,Dukhovnitskoye,1164591
Olenka Camois,Skrzydlna,86155682
Dulci Brodhead,Nangalisan,43496384
Jillene Geistbeck,Annapolis,54073736
Lemmy Brabben,Villa Regina,46894153
Appolonia Skittrall,Qilin,87389467
Doralia Endrizzi,Bei’an,35317100
Todd Yeo,Dalumangcob,29058257
Stevena Ottam,Stockholm,21201373
Ogden Le Franc,Huangcun,44049978
Cookie Ionn,Divjakë,68645116
George Nibley,Weixin,313299
Sunny Meineken,Yehud,29902580
Mireille Hurry,Matou,6100881
Ernestus Guthrum,Udanin,82540436
Adelle Fibbens,Qorovulbozor,97927594
Johannah Obern,Pegões,76205753
Blayne Janku,Jambeyan,96132689
Jase Mennell,Sungai,69936823
Shawn Weldrake,Huoshaodian,54534156
Tove Drewery,Ruixi,48311838
Emlyn Eldered,Västerås,26319497
Ilaire Simnell,Palestina de los Altos,23509097
Buckie Regardsoe,Krasnoshchekovo,38973267
Lurline Loweth,Dayan,33088436
Querida Kealey,Shuangqiaoping,99821295
Whitby Stidworthy,Malinta,54047790
Arty Guiraud,Vacenovice,666899
Gabriel Willock,Kanthararom,25496805
Orbadiah Keri,Yelenendorf,46580914
Derward Darque,Claveria,89872526
Alexis Reven,Yantal’,47850598
Kara-lynn Kabisch,Banī Khallād,10020804
Ludvig Echalier,Borda da Mata,80018884
Drusie Newey,Vityazevo,10075106
Gisela Quipp,Nularan,51070179
Inglis Rourke,Tolstoy-Yurt,24973889
Gerry Liell,Danao,94139969
Greg Fernandez,Las Lomas,24589019
Bernie Gerger,Ovalle,74712920
Kayne Mounter,Shiozawa,50338678
Charmane Ewells,Hengyang,42261834
Ianthe Feltham,Itabuna,11354163
Lurette Choldcroft,Požarevac,32918670
Sherlock Falls,Pananaw,34424671
Aymer Mostyn,Tanjiaqiao,14730235
Tomaso Whapple,Zghartā,4879376
Annie Moring,Shaft,84482008
Ring Hearn,Barrosa,18433966
Osbourn Bendson,Fuxing,73893502
Michale Renihan,Tuapukan,67207842
Carmine Tumbridge,Huanglong,4414109
Jock Gasker,Trzciana,15877693
Constantina Mandrake,Januszkowice,93954789
Ebonee Aplin,Saint Catherine,46759560
Bridget Paddison,Antaparco,52896260
Philly Bruhn,Bāmyān,29334163
Jamaal Pilkington,Grugul,56527265
Jeannie Vinall,Philadelphia,48303804
Trev Hurles,Makrochóri,90081008
Marley Goeff,Los Juríes,90774208
Janis Broy,Kut Chap,4360403
Hadleigh Wabersinke,Calapan,66141611
Valentino Gable,Narok,46396897
Federico Digance,Rakaia,47803875
Tomlin Vuitte,Baisha,27592788
Annamarie Baddow,Joroinen,90778668
Meryl Sproule,Waihibar,66778494
Aubry Flukes,Gložan,80548912
Salvador O'Fogarty,Pinggan,39116219
Aleta Garrod,Kribi,54061525
Ashbey Boaler,Paquera,90159606
Dewitt Noto,Khovd,62470683
Carmella Nerger,Benito Juarez,70729611
Boycey Villa,Biasong,46420332
Tiffie Hitzschke,Valuyki,69820780
Heath Brewett,Dapuchaihe,4463493
Cirstoforo Le Port,Horní Štěpánov,65480140
Laurent Pre,Novozavedennoye,88249480
Beitris Tersay,Arapongas,52579212
Barby Winston,Dawei,95260589
Gwenora Vaughten,Manlio Fabio Altamirano,47724693
Daune Phalp,Francisco I Madero,71275275
Rolph Ablitt,Clermont-Ferrand,36821214
Sonnie Ottam,Mapusagafou,46125695
Cassy Klug,Cruz Alta,87962980
Dulcine Lightning,Telagasari,62536776
Gregoire Ashfull,Hirvensalmi,98159798
Henrietta Jacks,Strassen,20555719
Lianna Sannes,Flores da Cunha,13051610
Emera Purviss,Lunyuk Ode,94188894
Margarethe Dimmack,Cileueur,75174671
Joete Hayes,Tando Muhammad Khān,55271683
Cortney Aucutt,Jakartovice,48022426
Sib Ensley,Killumney,10449234
Jori O'Skehan,Shreveport,38050623
Laird Erickssen,Kawaliwu,92607976
Eimile Curzey,San Juan del Cesar,8390346
Abie Dunaway,Soljani,99040143
Giovanna Tryhorn,Rio de Janeiro,22478283
Van Baildon,Kiruna,63621867
Wendeline Montgomery,Halle,67548370
Melisande Battson,Xiwu,88844972
Windy Choulerton,Yiyang,74431321
Germaine Capineer,Akarakar,7458474
Marilyn Pascall,Yetang,83980320
Tabitha Threadgould,Khlong Luang,52377972
Richard Billinge,Brejos,28796576
Yvor Skains,Xin’andu,14002280
Bogart Reynish,Bremerhaven,56678444
Fanni Aitkin,Jiangxi,60874426
Theresita Johnys,Guandiping,53061579
Bobby Blockley,Tulsa,53370368
Claudio Muddimer,Beishan,86942790
Sholom Trunchion,Báguanos,9440243
Cami Gasquoine,Duzhenwan,48793749
Jacinthe Stanislaw,Limache,57961485
Chrissy Leckey,Turtas,4670952
Biddy Shields,Cahul,13421000
Remy Birley,San Antonio,24258650
Natividad Boutwell,Ostrogozhsk,49921796
Noah Summerley,Yaozhuang,2150247
Nickolas Pannaman,Pátmos,63169008
Lainey Henken,Ermidas do Sado,98285809
Juliette McGunley,Astana,5254991
Elsa Kilgrew,Podu,76847849
Faunie Tythacott,Ilhéus,2602697
Hendrika Guillon,Hai Riêng,45808762
Austin Imm,Albania,50805439
Kitty Pally,Dzüünbulag,13216505
Jedd Sabbin,Grubišno Polje,38411936
Samuel Craise,Breda,4795596
Filberte Yarnton,Ban Dung,61570429
Kittie Greenlies,Tha Luang,73277795
Giacopo Dring,Sasovo,47293415
Adiana Glyne,Rosmalen,5343658
Maddy Swidenbank,Kuala Lumpur,86411192
Chandal Hoodless,Jinxiu,35675935
Nanette Parffrey,Goussainville,61140218
Leonard Stoad,Jeremi,58417047
Michal Bim,Manique de Baixo,48772679
Devlen Noirel,Geneina,9945619
Alexandr Drillot,Escola,90779507
Kirbie Friend,Glogovac,35606910
Dav Stallibrass,Crespo,71410473
Nolan Mouland,Aquiraz,76756360
Evangeline Rhyme,San Andrés,50879374
Shell Greve,Cipatat,319222
Nickolaus Vasilenko,Gaohong,45484811
Jemmy Goodswen,Hønefoss,18550567
Gwen Caddies,Glamoč,21462001
Nerte MacInnes,Alemanguan,90884076
Nadya Duckworth,Maredakalada,92485857
Tootsie Holyland,Kudang,2140626
Jackqueline Kynastone,Linköping,20232627
Jillie Thickins,Sérvia,12949650
Artemus Pinchback,La Roche-sur-Yon,95765982
Salomo Hulcoop,Majāz al Bāb,1152395
Silvie Salaman,Maputo,54815634
Saloma Endacott,Bundoc,48421046
Violet Piesold,Aquidauana,86270089
Orsola Wilce,Lam Plai Mat,88410862
Loella Darcey,Vällingby,81885142
Nonna Seary,Wakefield,41653120
Pincas Scintsbury,Zhangjiapan,1743617
Leonelle Isgar,Sanxi,91885747
Alva Umney,Yanac,1833853
Livvie Kelson,Boracéia,11360349
Wilbert Dudley,Mavingouni,28117443
Roseann Fomichkin,Féres,61903111
Evvie Greaterex,Tangchi,15085702
Billie Matherson,La Maná,44387904
Gene Cubbon,Wisła,98240194
Rowney Chisnall,Luleå,63040774
Hillary Potticary,Noupoort,19736156
Galven Schimke,Kotakaya Dua,51318944
Jilli Fearnley,Mamasa,913067
Britte Blackey,Prilep,522659
Clarissa Jerger,Jinshan,25279801
Garret Studd,Tudela,91656478
Freddy Beere,Yegorlykskaya,70726536
Huntlee Isacoff,Weixin,98211069
Jeromy Crisp,Xikou,23074358
Maribel Onians,Passagem,19190265
Katlin Longhorne,Pombal,95178874
Creigh Stuckow,Cerenti,96902479
Remy Thackston,Liangchahe,97845172
Thibaud Branthwaite,Gornje Moštre,28356080
Ignacius McGoon,København,60167765
Scotti Ciccottio,Renliu,36475512
Sheilah Featley,Miyako,11670140
Leif Hilling,Kendaruan,67292381
Kellby Grigoliis,Mancilang,2388676
Creigh Elliston,Ettelbruck,6281690
Hamnet Skoggins,Nanxindian,15265223
Slade Ellin,Ţāmiyah,35808844
Sebastiano Loughlin,Bachuan,58098759
Audrie Kingswoode,Sondo,65527905
Lula Ketchell,Mizi,29637885
Joceline Bicheno,Cherbourg-Octeville,96464281
Audi McKee,Watunggong,41517773
Jedediah Spincks,Yinhedahan’er,19065161
Denise Youngs,Taraz,58246265
Rosabella Longland,Zaleszany,59399493
Enrico Horbart,Ylitornio,88550525
Forbes Konerding,Frederiksberg,88869170
Harold Curragh,Malkā,7198908
Bearnard Gother,El Sombrero,98963572
Tessi Shippam,Port Hawkesbury,90727106
Missy Deveraux,Dedenëvo,27006807
Ricki Philipsen,Cassilândia,77271835
Madelon Foucar,Karasuyama,92812318
Claiborne Imlach,Abū Qalqal,50824391
Tamma Gavagan,Krajan Kinanti,80979636
Lishe Gonnelly,Zemio,77636111
Cary Seabright,Yan Nawa,522915
Gayla Johnstone,Orkney,32517884
Ferdinanda Bewicke,Benisheikh,76483452
Maryl Danell,Panganiban,75426476
Chrysa Farrington,Baraba,8367579
Mathe Berard,Xihu,52155237
Myrvyn Haresnaip,Krasne,57778417
Sharla Matijasevic,Harjavalta,94570357
Una Rosenstiel,Vallegrande,39936965
Nikolai Coppledike,Puyang,70645526
Shandie Collinette,Mandesan,86846253
Sullivan Benedit,Non Sila,65882565
Lindsay Hum,Nandulehe,50820656
Bab Brudenell,Krychaw,34638269
Chelsie Putland,Monastyrshchina,44760826
Kayne Crosi,Qobustan,76594031
Philippine Deport,Jiepai,50374798
Janaya Cruz,Joroan,76895827
Farrah Frangleton,Bagamoyo,57431365
Corly Fulger,Albany,99100248
Doretta Szantho,Tampocon,92865035
Pepi Sodo,Yongfeng,96663686
Janis Guymer,Zelenograd,95200312
Merry Reyner,Baiima,75684435
Sigfrid Walding,Kolyshley,6245869
Talbot Stillmann,Dazhan,36770306
Leonore Marusik,Pabean,11487260
Warner Zanardii,La Palma,66551177
Frank Rout,Aykol,63397722
Burty Scrafton,Kirtipur,39225177
Maryjane Sibbering,Frolovo,33520796
Nell McNeill,Tumba,64687675
Gale Ianinotti,Nowshera Cantonment,79090845
Marci Joel,Wierzchosławice,13549164
Bren Pote,Bulod,23248726
Shalna McGaugie,Kisoro,76413176
Tallia Duly,Wakiso,58945756
Sofia Carbett,Krasnokumskoye,84476299
Kinsley McCaskell,Orocué,22417721
Frankie Jane,Zhongcheng,52769522
Byrle Daverin,Kopen,14995934
Izabel Pentercost,Itu,48517067
Lorin Skull,Avlónas,29033650
Madeleine Heinl,Aserrí,48085711
Lois Campos,Áyios Vasílios,27286496
Farra Zouch,Tari,47892456
Nathanil Brevetor,Isiolo,94391113
Amii Bartelet,Chernomorets,58984704
Shaina Harmes,San Antonio,66613907
Ambur McPaik,Lampang,70469367
Piggy Yarnley,Luobuqiongzi,87988741
Raimundo Breen,Santa Cruz,50308009
Pietra Bricket,Takahama,63652299
Miquela Cleaton,Changqiao,74125750
Edgar Spadotto,Aranguren,27540803
Britney Ovanesian,Falkenberg,71253937
Ariela Grennan,Dongji,63428422
Linoel Melchior,Kanda,69265096
Philbert Fabry,Letsheng,46941140
Con Worsam,Xiabuji,1501467
Camille Mogridge,Yuxi,44052161
Dudley Marzella,Embu Guaçu,54019728
Paolina Struys,Texistepeque,29528480
Yank Mundee,Ḩajjah,89392010
Almeda Loyley,Ituiutaba,7589225
Alvy Driver,Ulyanovsk,72710094
Shannon Eldershaw,Kirkuk,76443793
Reeta Allsobrook,Yangjian,29675550
Kiel Ainsby,Yiliu,31237959
Maison Valeri,Wonorejo,49781674
Mair Thirst,Dłutów,74146597
Dottie Satterly,Koton Karifi,3240782
Barnabe Daffern,Cholpon-Ata,15421258
Sara Strange,Shicang,88687360
Tommi McGuckin,La Cruz de Río Grande,53252585
Chloette Ghelarducci,Maishi,26443719
Enid Renols,Jatisari,40955575
Letitia Whipp,Obrera,92943942
Cordie Mattacks,La Laguna,65063214
Nissie Buret,Áthyra,2859497
Mikaela Duckham,Los Angeles,95682887
Graeme Pardal,Fenggang,76071769
Darrin Preon,Al Mazra‘ah,7122754
Tilda Tredwell,Des Moines,43336834
Xymenes Cruddas,Arrap’i,33041645
Starlene MacCrosson,Danané,15666108
Nerte McTerlagh,Alkmaar,91625667
Perkin Innocent,Barţa‘ah ash Sharqīyah,26693846
Lari Carp,Pagangan,82785293
Muffin Janowski,San Jose,92735316
Edouard Lambart,Al Fujayrah,50041396
Halli Burl,Pangalangan,95889038
Preston Mortel,Kulary,76233911
Marcus Scullard,Nizhnyaya Maktama,72106619
Misha Chrstine,Mŭglizh,52373490
Jessa Joscelyn,Sandefjord,85942572
Marthena Huxton,Várzea Paulista,89179301
Coletta Hammelberg,Omuo-Ekiti,29089154
Jsandye Calder,Surin,40850235
Matthaeus Oade,Mengla,28009770
Carlina Slaten,Struga,177146
Irena Baudinot,La Foa,23236394
Ara McIndrew,Timashëvsk,29094660
Vasily Joron,Huangjin,88533981
Mick Megany,Paris 10,9947645
Nedi Crellin,Shuangfeng,49707661
Galvan Perrycost,Sindon,4235161
Minor Marciskewski,Xiaohenglong,95571556
Levi Godney,Criciúma,40834215
Melony Pratchett,Santa Cruz do Rio Pardo,50447443
Daryl Disney,Bundibugyo,40472695
Bald Filippi,Kaberamaido,14267994
May Akett,Lawonda,54100831
Kippy Deans,Shangdundu,80107822
Melissa Gammie,Ambulong,9741235
Ardelia Treby,Puerto Natales,52101600
Rozalin Riggeard,La Paloma,42404858
Lionel Jillitt,Vysotskoye,31281940
Iolanthe Clint,Néa Magnisía,6438747
Philis Radleigh,Novokuz’minki,13474905
Damian Junifer,Al Ḩāḑir,46948588
Brodie Skpsey,Colcabamba,66250413
Maynord Croal,Smołdzino,30350828
Alyse Manlow,Liuji,33374289
Adelbert Dufton,Wu’erqihan,93209419
Vin Huge,Hongjia,58858907
Olga Dene,Lamía,78318759
Boris Benitez,Gurung,40340854
Nancey Willavoys,Chŏngju,42089822
Alfons Yeowell,Jiaoqi,92379074
Ame Raspin,Teminabuan,76714588
Kelcy Windous,Sierra Imataca,88707524
Editha Stebbin,Salām Khēl,12050826
Eadmund MacAdie,Shaxi,74209524
Hilton Lathy,Elefsína,19595823
Emlyn Stolworthy,Thành Phố Uông Bí,41280757
Concettina Merriment,Zhongshu,92720661
Chelsey Rook,Hohoe,84399454
Agnes McShirie,Cibojong,94474907
Brnaba Gurg,Buaran,28673032
Brit Childs,Xincheng,35818671
Marlene Pellatt,Aguas Corrientes,1164148
Kleon Allberry,Caitang,25230591
Chicky Duncombe,Rawa,56330151
Jeffrey Dimitriou,Quiruvilca,78321536
Jarib Duerden,Sanxi,46237580
Margarette Causbey,Hōfu,74654428
Mahmoud Canellas,Skärhamn,62597376
Fritz Poore,Kalbugan,24811189
Tilly Haxell,Buliok,10112812
Cynthea Paris,Moriyama,52757322
Maren Whiles,Kepahiang,81601859
Phillip Garner,Ailibugai,69594086
Thorndike Chrichton,Almirante,86381562
Selestina Beeho,Nuwaybi‘a,14246741
Vin Lisciandro,Beima,80848376
Abbye Barlace,Pagsañgahan,54276007
Arman Carette,Andkhōy,46221395
Yulma Allibone,Huambalpa,25948413
Latrina Parzizek,Al Marsá,59489306
Garnette McTague,Villa Ángela,21206930
Marline Mayell,Bočar,40545381
Luelle Imlacke,Baopukang,6514860
Sanford Gillon,Kongoussi,23134917
Arie Reding,Pekuncen,57836123
Karl Marham,La Motte-Servolex,68910467
Saree Francois,Dār an Naşr,97037748
Dell McColley,Phra Khanong,23685901
Joannes Tummons,Longmiao,4312198
Jackquelin Grice,Charleston,97338702
Heda Axtens,Nagrak,61288375
Sheri Dourin,Kafr Nubl,49982892
Brody Rumens,Terenozek,42158804
Walton Bosley,‘Eilabun,44471902
Terza Ibell,Bayān,46817789
Modestia Dosdill,Shiozawa,23169807
Salim Gomez,Bajos de Haina,38346594
Corenda Tartt,Gornji Milanovac,11522839
Selma Garrow,Lexington,85834498
Nathanil Henzer,Kiyawa,560786
Melody Spere,Cheremnoye,15445388
Druci Swetman,Jiufang,82595125
Maurise Woolfoot,Konin,66235268
Danica Whale,Abaetetuba,40818012
Eustacia Rau,Xiapu,7238964
Thaddeus Uzielli,Río Guayabal de Yateras,28206206
Luise Oneil,Kalávryta,14508732
Darsey Petranek,Sibinal,96686894
Arin MacDonell,Reguenga,78829781
Maximo Tanton,Barisāl,2183770
Wyatt Poole,Jinhaihu,94979569
Bert Leindecker,Paris 12,36388154
Tanney Gell,Lianzhou,93347362
Charlene Plaide,Pećigrad,97356877
Nancy Stedman,Shilaoren,53464064
Bette-ann Matiashvili,Oświęcim,79928920
Mavis Bouch,Dashtobod,2632697
Alvy Baitson,Ayotupas,84987656
Elnora Cartmer,Menghe,13422613
Roby Orto,Shuanghe,42018845
Lesli Glanester,Cangkeuteuk Sabrang,91367152
Ivy Swains,Taikang,20291811
Truman Gendricke,Spånga,76451183
Milicent Shimuk,Carlton,52233954
Goldia Rainer,Alingsås,88870998
Harriett Pitherick,Aoyang,15612237
Linn Dowrey,Blora,2405002
Reynold Carren,Paris 16,80051401
Megen Chalder,Hats’avan,72109516
Dario Van der Veldt,Charlotte,49226852
Guthrey Hazelgrove,Lesozavodsk,35248315
Chadwick Plett,Kristiansund N,39525253
Hinze Alcalde,Mliwang,89303181
Syd Domaschke,Houston,14956391
Valaree Rimbault,Monte da Boavista,45735304
Celine Swett,Ketang,6782327
Queenie Veneur,Moville,86300532
Bette-ann Shallcrass,Wonosobo,32607352
Mara Wastie,Ōtsuki,54542079
Porter Kembrey,Néa Pélla,81240429
Livvy Goodger,Yunyan,82675683
Jo-anne Mabbott,Kertapura,51821252
Edmund Barthelemy,Chennevières-sur-Marne,35424709
Calida Aire,Dengmu,72138551
Honor Annies,Kutao,86774626
Grete Sarvar,Kävlinge,87233245
Natty Brodeur,Lukovica pri Domžalah,22601839
Anatol Goggen,Arthur’s Town,65556180
Brynna Fattori,Paccha,7580558
Jessie Lintott,Moulins,69199960
Kaleena Alflatt,Nglengkong,44873215
Selina Wellington,Portela,14533227
Walker Scholard,Sebedo,7273867
Meyer Toller,Gaohu,21977723
Lenard Boerder,Ambalavao,85088067
Ignace Rosenauer,Ponte da Pedra,47415000
Virginia Kaplin,Shangcun,66386484
Doll Kellie,Tupaciguara,10666417
Phillie Mustchin,Sumberingin Kulon,97339974
Neila Copner,Caper,66592623
Farlee Mark,Luanda,41634471
Calida Moulin,Helsingborg,70349240
Darnell FitzGilbert,Jinhe,93129679
Jeffie MacIntyre,Jintun,78705566
Virgie Ranken,Tumauini,5033103
Roarke Janaszkiewicz,Shevchenkove,37165148
Frans Lovelock,Betaf,46841805
Jase Scotchbourouge,El Viejo,9132701
Bern Tampin,Zhangcun,46835007
Dionne Lingard,Baru,89297321
Blaire Wormell,Zinat,62315457
Carr Mannock,Ramada,21074544
Wittie Kelly,Xianbao,76301873
Gerianna Lean,Béboto,28809763
Derk Timny,Sincelejo,61057250
Evy Siveyer,Jinzao,89924221
Erich Josse,Kirtipur,14481631
Petrina Gunda,Kunvald,68911762
Kate Klimashevich,Colón,86946936
Mimi Seargeant,Altagracia de Orituco,54423686
Heddie Espley,Beiyang,95254008
Willem Tummons,Bailai,85352231
Rich Shinefield,Winter Haven,18914009
Moina Caron,Cacocum,22892312
Dotti Watkiss,Višňova,80897987
Gilda Couling,Corralito,50016034
Linn Doxsey,Mortka,31081490
Bobbye Spraberry,Žagarė,74507302
Cornela Caws,Efkarpía,53722735
Louisa Harper,Linchen,23977967
Roobbie Rubenczyk,Aparecida de Goiânia,40315642
Worthy Chopping,Ljutomer,96894559
Vassili Tomasini,Ban Fang,19590510
York Daffey,Bogorejo,67182454
Nickie Wait,Berlin,31979887
Nadean Divers,Besteiros,71444405
Gertie Dealey,Pho Duc,35215220
Gabriello Latour,Yanjiang,45441181
Ronda Pawle,Zavolzh’ye,25084967
Irv Canon,Pingle,99732138
Christyna Livard,Caldas Novas,52819999
Rochella Stoad,Juru,85006462
Dillon Ilchuk,Jhingergācha,34370520
Nonnah Taunton.,Maintang,72033525
Balduin Le Marchand,Lantian,98750601
Shem Barthelemy,Staryy Oskol,19518264
Morganne Argue,Eguia,7326601
Drucill Zottoli,Si That,37221619
Danny Gotfrey,Pengjia Zhaizi,307104
Selia Skerrett,Itaperuna,64659617
Shawn Crawshay,Katsina-Ala,47661573
Marcy Eskriett,Codoi,84284947
Leif Le Noir,Tādif,71196996
Dewey Roblett,Opaka,815141
Gilberta Sparrowhawk,Houmen,57496986
Kiley Paulucci,Gocoton,24420367
Kayla Fritschmann,Guazapa,2682540
Lew Thwaites,Susuman,99745767
Clemmy Abbott,Kedungharjo,28156648
Bastien Haydock,Gorzów Śląski,98061719
Kasper Cool,Las Lomas,4022150
Rosalie Dumphry,Shah Alam,49199738
Dot Wrightim,Fengshan,73670920
Natala Lorence,Consolacion,56702512
Alexander Marquis,Bakung,29922512
Stormi Sutheran,Kalayemule,8080654
Herve Attreed,Yangdun,5499381
Archibold Epton,Garunggang,78715082
Normy Baynam,West Kelowna,34428199
Carlina Mcimmie,Guanting,74525863
Elna Dederick,Gaoliban,26422526
Zorana Hamlin,Páchni,41048392
Randall Rossander,San Agustín,55716773
Nowell Evins,Mpophomeni,38609838
Modestia Walklate,Baoshi,11481896
Angelica Yosifov,Moneghetti,43501508
Conrad Galfour,Berekum,89107037
Hyacinthe Aldham,Luoshui,73836159
Jessamyn Rewan,San Jose,64512789
Keir Britner,Yamango,66822081
Denney Sahnow,Karaidel’,16121843
Yettie Warry,Youcheng,30614695
Neda Dignan,Buesaco,98741259
Edlin Chapell,Blagoveshchenka,68723828
Bibi Mainson,Tapakrejo,4669813
Hedy Pottes,Pasto,49289155
Kore Maides,Palmito,8569238
Georges Youster,Kroya,95511986
Seymour Sephton,Karamat,35902296
Cleveland Lghan,Karlskrona,27998549
Elora Kalinsky,Guatimozín,83794179
Thorstein Dunkerley,Gerong,77831078
Johannes Kirkman,Stockholm,11121724
Maxie Humbee,Lapai,77293496
Niel Mullard,Jacaraú,98201811
Efren Gilroy,Pilar,44963918
Reinhard Verny,Milwaukee,50421673
Phillipe Dowles,Taoyuan,86555286
Skippie Demaine,Pābna,58880898
Cecile Soppitt,Liwale,28064825
Germain Extence,Capitán Bermúdez,93825200
Morrie Saltwell,Krajan Pundungsari,55627875
Paule Surguine,Plymouth,2797541
Mattie Huban,Starotitarovskaya,76945613
Dela Duchenne,Adolfo Ruiz Cortines,69248900
Helyn Kealy,Looc,76085275
Kat Pierrepoint,Kidal,83851851
Evvy Buscher,Kamenné Žehrovice,12214140
Jehanna Vogelein,Qui Nhon,71805237
Evelin Elwill,Kerbuyan,58965519
Julianne Burtenshaw,Al Manqaf,50071652
Ludovika Gergolet,Xiaozhang,70892179
Tuck O'Canavan,Xiamujiao,21865403
Rance Feehan,Cennan,27360725
Jervis Erangey,Kraczkowa,98069720
Christian Peasee,High Point,80607348
Elita O'Heaney,Menlou,54972843
Belva Ollerhead,Longxi,9330229
Dorothee Rantoul,Nisporeni,84221654
Byron Franchyonok,Shuanghe,2432288
Fidel Di Nisco,Dananyu,2564030
Emili Colquete,Qumudi,7086577
Alysa Macvey,Entebbe,23031230
Pierre Pardal,Sukorejo,73884340
Caren Midford,Meringkik,30723121
Jorrie Stapells,Ducheng,21331022
Meade Jaffa,Sędziszów,17855844
Barclay Ipsgrave,Kranggan,47835102
Maxine Kemsley,Yanmenguan,51867519
Flora Foskin,Likhobory,16672361
Jocelin Ickowics,Xinchong,31517567
Emiline Sleight,Larangan,74169009
Allissa Theyer,Srinagarindra,42128739
Ive Okie,Ailigandí,9434032
Adoree Lezemore,Rolante,76007162
Charissa Tamas,Kampokpok,88090724
Glynnis Metts,Mboursou Léré,79781114
Thaine Eglinton,Independencia,61254448
Marjorie Ovitts,Aş Şanamayn,10027949
Alexis Rappaport,Świnna,26365405
Elsie Witton,Magetlegar,71568653
Orion Klaff,Soutinho,63075287
Ardra Greystoke,Sherpur,66309888
Cherish Nafzger,Grande Prairie,25640835
Caressa Brisland,Tazhuang,23010627
Monroe Mussen,Rosario de Mora,70839226
Tonia Wressell,Bondoufle,66581886
Monah Roberts,Juwana,88452560
Ramonda Ledram,Santa Cruz,36847313
Georgy Edgecombe,Xinsheng,75969003
Romeo Kirby,Sultan Kudarat,67041557
Maryl Guslon,Shixi,14323876
Ermin Bohler,Kista,95963078
Johnath Hearons,Palangue,15833213
Melisenda Padly,Matahuasi,98512144
Abra Kapiloff,Banī Zayd,38433489
Alexio Garm,Diavatós,70318472
Horace Barrim,Paracatu,82856527
Niels Mathevon,Turku,27258081
Leonhard Peete,Lindong,61321369
Alessandro Endean,Examília,78657980
Sigismundo Sidry,Mozhong,40965356
Madison Threlkeld,Hostomice,29588245
Pincus Anthon,Sunduan,9927804
Lilith Vowdon,Karlobag,84013340
Marjorie Hourahan,Quintãs,69222761
Richart Bryning,Novomoskovsk,32174778
Carlita Juden,Tambo,38695727
Albert Pancoast,Horvati,77118674
Corri Linwood,Botoh,6832722
Talia Kops,Jaba‘,44286132
Chlo Spiby,Kertahayu,41685582
Lanie Meneyer,Luntas,5085933
Fara Thurbon,Orlovat,73579753
Darbee Hopfner,Goma,98183540
Eloisa Fawlo,Hovorany,72752112
Agnes Conew,Kāmyārān,88804449
Ardys Walsh,Lexington,5079671
Marc Patnelli,Montevista,21030497
Nani Samett,Железный порт,73332260
Stanley Gregolin,Sacapulas,44267476
Corny Lippett,Uddevalla,5088105
Othella Regardsoe,Bacacay,91664364
Otho Wrathmell,Itaberaí,71753801
Ebenezer Searles,Székesfehérvár,25349827
Royal Grodden,Embajador Martini,14038389
Brade Townshend,El Guapinol,81071904
Minta Cressey,Bouillon,27678411
Samson Fuge,Kousa,46762123
Joana Parkin,Kinloch,69452809
Dulcea Slatten,Skopin,56945377
Anthea Campaigne,Hanfeng,66725559
Gale Melling,Guzhan,53230709
Billye Lindholm,Fengli,62338449
Aube Hoyes,Stockholm,90623748
Steward Daughtry,Balgarevo,48103717
Winn Goldberg,Olovyannaya,72448432
Ruddy Bagg,Hājīganj,27763957
Elsi Conaghy,Ndélé,31141091
Daffy Berrycloth,Imulolong,82995204
Lora Crock,Jaguariaíva,36659519
Aaren Knill,Tomilino,77388449
Brian Baden,Göteborg,41220510
Konstantin Fraine,Timpas,12541133
Bevon Novakovic,Fastiv,11027613
Emmalynne Girsch,Övertorneå,65365413
Aluin Jambrozek,Jonava,41186605
Alfredo Braine,Yongfeng,15872988
Kippie Bebbell,Dalongdong,61362888
Kirbee Di Ruggiero,Xiangrong,42710244
Aura Eskriett,Antsohihy,47444142
Lazaro Dowker,Mirosławiec,43855008
Cori Meak,Rochester,81954078
Franzen Djurisic,Stari Grad,75343906
Johnnie Forward,São Miguel do Guamá,28942375
Yardley Mattimoe,Wujiao,78275585
Catlee Passion,Sicheng,50074716
Brendis Snooks,Velké Losiny,52491019
Hurleigh Chesworth,Lin’an,19036191
Callean Keizman,Dubrovka,3321148
Woodrow Duiguid,Zebrzydowice,2330985
Park Shipley,Shibi,91923117
Georgeanna Streeting,Hacıqabul,39755302
Gloria Sherwell,Saint Louis,19972314
Gillie Larchier,Roshal’,37610659
Lory Genicke,Ikeda,26843011
Carlina Innwood,Zhangjiaji,27415193
Maurene Goublier,Qiandian,53192794
Chandal Blazdell,‘Aqrah,26210943
Waylan Guido,Kariya,4062050
Bertina Swyer-Sexey,Panique,52996623
Zitella Phorsby,Bryansk,25823930
Sile McGowan,Thị Trấn Kim Tân,82522161
Ferdinand Oldland,Loučeň,17701577
Darrell Tredger,Rancho Nuevo,52130231
Hilliard Rantoull,Jembayan Hitam,49755178
Olav Park,Río de Oro,60652930
Kris Antecki,Buawan,9550877
Florida Sandercroft,Shreveport,54287781
Gayle Gernier,Alzamay,95086419
Coralyn Clutheram,Las Matas de Farfán,50521296
Alain O'Hickee,Ismailia,48153440
Melody Brandes,Qishn,66891741
Aurea Erangy,Nobo,57918912
Welbie Milbank,Lipu,15922822
Leopold Whitaker,Kuala Lumpur,96326027
Somerset Basnall,Artemivs’k,79658522
Melantha Ioan,Buenavista,55859495
Mirabelle Tidy,Kamnica,99961588
Obadias Hobbema,Emiliano Zapata,98718337
Chet Berth,Liuhou,45725316
Friedrich Coronado,Polevskoy,19616906
Sydelle Chapple,København,61860414
Corbett Wakeling,Jurva,3717852
Lil Lacaze,Tanjung Pandan,10961487
Minni Pyott,Jincheng,42188003
Arlan Brockett,Chaguaramas,89120178
Allyson Fluger,Murcia,70599916
Krissie McOwan,Ryki,83227819
Elias Phillipp,Shebunino,57939083
Ileane Polgreen,Jinshanpu,13191379
Kent Alforde,Mounlapamôk,33376070
Leland Tothacot,Pedra Furada,33440158
Seumas Doncaster,Ndélé,75215456
Torin Renals,Lalagsan,558209
Darrin Farmer,Helsingborg,23375897
Wake Grigoriscu,Kholbon,18146120
Camel Yakubovics,Aasiaat,85990250
Micki Skryne,Waitakere,27155679
Kathye Lavis,Linköping,33091813
Salaidh Brittain,Severnyy,70610521
Issiah Flement,Pontevedra,45696941
Katee Lermouth,Fylí,79295141
Peadar Chasemore,Zhouwang,5153099
Carny Witherop,Kalix,55495137
Shina MacAvaddy,Faranah,34795099
Carie Witty,Rantaupanjangkiri,83701055
Jacinta Babington,Pyšely,59749279
Constantino Beeken,Qiakeri,39799864
Cher Glendinning,Kuala Terengganu,62084406
Orelie Mussington,Yoshii,97877138
Elvina Morfield,Wufeng,10061226
Lucille Cocksedge,Charleville-Mézières,84459571
Krispin Olexa,Jambu,1713091
Felita Ambroisin,Aviá Terai,28658365
Gavrielle Spykings,Huangtu,8096851
Sallyanne Routley,Johor Bahru,52819037
Gabi Fullom,Inuvik,19733210
Thorpe Rowbrey,Fengyang,58169176
Starlin Ronisch,Ngeru,10124011
Tadeo Clayal,Lawa-an,11713618
Jilli Learmount,Shitouhe,5616906
Bryan Jestico,Dzhalilabad,85763463
Bab Mulles,Machachi,61302384
Melessa Andric,Anjia,17891983
Sherlocke Torbett,Zhuyeping,19135537
Sauncho De Ortega,Quzhou,80265540
Con Mitchelmore,Dikson,65875754
Christye Sindall,Honiara,84115419
Donn Surgeoner,Dikirnis,39999142
Royce Kuscha,Al Jumaylīyah,82925668
Collette Romke,Dashtobod,75929329
Chiarra Laise,Baiyun,35449382
Jolie Clementi,San Esteban,35351470
Starlin Feasby,Kurjan,30221646
Pepi Mabb,Gemo,74557541
Caty Inwood,Sebu,2780472
Farrel Cavy,Fushan,3431837
Pate Bengal,Coronel Suárez,28435655
Joana Weatherdon,Santa María de Caparo,10752128
Aloysius Raywood,Kaišiadorys,27266581
Petra Rate,Nikel’,71310676
Emmy Hug,Wichit,85860924
Karia Pepye,Maesan,83471656
Cristie Gosby,Photharam,75270985
Salomo Berzins,Lisia Góra,88586757
Stefa D'Oyly,Courtaboeuf,94506413
Emlyn Larrosa,Eindhoven,25531563
Filberte Lamberti,Jajaway,98386090
Melodee Lalevee,Xingang,53931680
Hester Stener,Iberia,21309012
Caryn De Giorgis,Bei,86614644
Martica Cartledge,Shache,52895313
Celinka Magarrell,Togur,33479995
Letty Dominik,Nzérékoré,36091268
Grazia Gumley,Pogorzyce,71692150
Christoph Pittoli,Carcavelos,63904868
Truman Neggrini,Ambar,19930858
Hillary Gieves,Jiajiaying,24275504
Wendeline Counihan,Zhougao,39499502
Audy Rousell,Liangshan,77032712
Ashley Corrie,Pisão,45187542
Brendan Penhaleurack,Luoting,68772243
Virginia O'Carrol,Mzuzu,6979145
Josie Faithfull,Dadian,77230713
Francyne Mabb,Thành Phố Uông Bí,20779465
Joelie Lacase,Komysh-Zorya,21164572
Lise Guise,Magallanes,59371965
Sayre Shawley,Sawo,66810753
Trace McPhillips,Nadi,29320376
Wyn Costellow,Wiphawadi,34499978
Katya Witherow,Xinmin,46952735
Tess Hayball,Adraskan,77382979
Indira Pentelo,Haoguantun,6479700
Janet Timperley,Kyaikkami,33264000
Billy Janos,Palekastro,40403066
Ambur Clowser,Hinigaran,51889863
Tudor Fitter,Liuzhuang,53536324
Kamila Holttom,Boro Utara,26029702
Wallace Cowland,Skellefteå,59109011
Talia Warhurst,Su’ao,88356180
Massimiliano Finch,Kawangohari,52693283
Tamarah Runciman,Kogota,73736920
Kennett Badini,Dno,91746024
Gerri Coon,Guder,56043216
Haily Deakes,Bago,55273802
Salaidh Pashler,Lamak,71912359
Keslie Cleynaert,Santa Catalina,52203665
Foster Bertomieu,Sa’erhusong,89841110
Berny Eadon,Lokoja,15727180
Mendy Broadey,Fāmenīn,35726207
Kingsley Peddel,Cisownica,86106726
Evangelin Battin,Safotulafai,85883423
Prent Tamsett,Lumbangan,75049762
Gnni Banbury,Takum,43597492
Mina Land,Sabang,20879330
Chere Freake,Batu,89092241
Tremain Gager,Lydenburg,30463859
Johnnie Broseman,Erenhot,46281134
Coralyn Louche,Blučina,24014508
Jude Tyzack,Luqa,46948973
Gaylor Wand,Hamburg,22098038
Caddric Hews,Sidomukti,20855649
Eziechiele Kornilyev,Al Qābil,23820404
Brit Dollard,Jonquière,52987335
Adams Leyton,Jongīyeh,74007206
Jenilee Henryson,Belomorsk,12141460
Ddene Iacovazzi,Italó,28947651
Tammie Dimont,Växjö,95877785
Marilin Lagden,Dewetsdorp,581571
